patologia,best_lag_weeks,best_r
GRIPE,6,0.05648567282565552
VRS,0,0.538945793488678
COVID,3,-0.6245738401325643
