patologia,best_lead_weeks,best_r
GRIPE,6,0.056485672825655406
VRS,0,0.5389457934886779
COVID,3,-0.6245738401325646
