lead_weeks,pearson_r
0,0.5389457934886779
3,0.3378516442991076
2,0.28034723242924753
1,0.15114185689525247
5,0.09095760126483957
4,0.08471940206367516
6,-0.1845838924011747
