lead_weeks,pearson_r
3,-0.6245738401325646
2,-0.6271960094100321
5,-0.649812821358115
1,-0.6965959579544381
0,-0.6973892158953531
4,-0.6990726150464698
6,-0.7004373497238824
