lead_weeks,pearson_r
6,0.056485672825655406
5,-0.10620836761945408
4,-0.12477833962155618
3,-0.2522419221945615
2,-0.344525037841091
1,-0.6800311784375507
0,-0.7709750402193176
